[
  {"pdt_id":221,"pdt_name":"Turbo Racer Remote Car","pdt_mrp":2200.00,"pdt_dis_price":1999.00,"pdt_qty":30,"ct_id":1},
  {"pdt_id":222,"pdt_name":"Mini Construction Blocks Kit","pdt_mrp":950.00,"pdt_dis_price":849.00,"pdt_qty":40,"ct_id":1},
  {"pdt_id":223,"pdt_name":"Deluxe Dollhouse Playset","pdt_mrp":1800.00,"pdt_dis_price":1599.00,"pdt_qty":20,"ct_id":1},
  {"pdt_id":224,"pdt_name":"Adventure Puzzle Challenge Box","pdt_mrp":650.00,"pdt_dis_price":549.00,"pdt_qty":50,"ct_id":1},
  {"pdt_id":225,"pdt_name":"Wooden Train Track Set","pdt_mrp":1400.00,"pdt_dis_price":1250.00,"pdt_qty":25,"ct_id":1},
  {"pdt_id":226,"pdt_name":"Cuddly Giant Teddy Bear","pdt_mrp":1200.00,"pdt_dis_price":999.00,"pdt_qty":60,"ct_id":1},
  {"pdt_id":227,"pdt_name":"Action Hero Ultimate Pack","pdt_mrp":1000.00,"pdt_dis_price":849.00,"pdt_qty":35,"ct_id":1},
  {"pdt_id":228,"pdt_name":"Classic Building Blocks Tower","pdt_mrp":2000.00,"pdt_dis_price":1799.00,"pdt_qty":30,"ct_id":1},
  {"pdt_id":229,"pdt_name":"Mini Camera Drone Pro","pdt_mrp":4500.00,"pdt_dis_price":3999.00,"pdt_qty":12,"ct_id":1},
  {"pdt_id":230,"pdt_name":"Play Kitchen Cooking Set","pdt_mrp":1350.00,"pdt_dis_price":1150.00,"pdt_qty":18,"ct_id":1},

  {"pdt_id":231,"pdt_name":"Compact Bluetooth Speaker","pdt_mrp":2600.00,"pdt_dis_price":2199.00,"pdt_qty":40,"ct_id":2},
  {"pdt_id":232,"pdt_name":"Noise Canceling Headphones Pro","pdt_mrp":4200.00,"pdt_dis_price":3799.00,"pdt_qty":30,"ct_id":2},
  {"pdt_id":233,"pdt_name":"4K Smart LED Television","pdt_mrp":52000.00,"pdt_dis_price":45999.00,"pdt_qty":8,"ct_id":2},
  {"pdt_id":234,"pdt_name":"Ultra Slim Laptop 14inch","pdt_mrp":68000.00,"pdt_dis_price":62999.00,"pdt_qty":7,"ct_id":2},
  {"pdt_id":235,"pdt_name":"Android Tablet Plus","pdt_mrp":21000.00,"pdt_dis_price":18999.00,"pdt_qty":10,"ct_id":2},
  {"pdt_id":236,"pdt_name":"Fast Charging Power Bank","pdt_mrp":1800.00,"pdt_dis_price":1499.00,"pdt_qty":60,"ct_id":2},
  {"pdt_id":237,"pdt_name":"64GB USB Flash Drive Pro","pdt_mrp":900.00,"pdt_dis_price":749.00,"pdt_qty":80,"ct_id":2},
  {"pdt_id":238,"pdt_name":"Portable External HDD 1TB","pdt_mrp":6200.00,"pdt_dis_price":5499.00,"pdt_qty":25,"ct_id":2},
  {"pdt_id":239,"pdt_name":"Smartwatch Series X","pdt_mrp":14000.00,"pdt_dis_price":11999.00,"pdt_qty":20,"ct_id":2},
  {"pdt_id":240,"pdt_name":"Wireless Ergonomic Mouse","pdt_mrp":1100.00,"pdt_dis_price":899.00,"pdt_qty":50,"ct_id":2},

  {"pdt_id":241,"pdt_name":"Casual Cotton Shirt Blue","pdt_mrp":1200.00,"pdt_dis_price":999.00,"pdt_qty":60,"ct_id":3},
  {"pdt_id":242,"pdt_name":"Checked Formal Shirt Classic","pdt_mrp":1800.00,"pdt_dis_price":1599.00,"pdt_qty":40,"ct_id":3},
  {"pdt_id":243,"pdt_name":"Striped Polo T-Shirt","pdt_mrp":900.00,"pdt_dis_price":799.00,"pdt_qty":70,"ct_id":3},
  {"pdt_id":244,"pdt_name":"Plain Cotton Tee Pack","pdt_mrp":700.00,"pdt_dis_price":599.00,"pdt_qty":100,"ct_id":3},
  {"pdt_id":245,"pdt_name":"Formal Button Down Shirt","pdt_mrp":2200.00,"pdt_dis_price":1999.00,"pdt_qty":30,"ct_id":3},
  {"pdt_id":246,"pdt_name":"Slim Fit Jeans Stretch","pdt_mrp":2100.00,"pdt_dis_price":1799.00,"pdt_qty":35,"ct_id":3},
  {"pdt_id":247,"pdt_name":"Lightweight Summer Jacket","pdt_mrp":3200.00,"pdt_dis_price":2799.00,"pdt_qty":25,"ct_id":3},
  {"pdt_id":248,"pdt_name":"Comfort Hoodie Zip Up","pdt_mrp":2000.00,"pdt_dis_price":1799.00,"pdt_qty":30,"ct_id":3},
  {"pdt_id":249,"pdt_name":"Classic Leather Belt","pdt_mrp":700.00,"pdt_dis_price":599.00,"pdt_qty":60,"ct_id":3},
  {"pdt_id":250,"pdt_name":"Casual Chino Trousers","pdt_mrp":1600.00,"pdt_dis_price":1399.00,"pdt_qty":40,"ct_id":3},

  {"pdt_id":251,"pdt_name":"Official Cricket Bat Pro","pdt_mrp":3500.00,"pdt_dis_price":2999.00,"pdt_qty":20,"ct_id":4},
  {"pdt_id":252,"pdt_name":"Professional Cricket Ball","pdt_mrp":450.00,"pdt_dis_price":399.00,"pdt_qty":80,"ct_id":4},
  {"pdt_id":253,"pdt_name":"Yoga Comfort Mat","pdt_mrp":1200.00,"pdt_dis_price":999.00,"pdt_qty":70,"ct_id":4},
  {"pdt_id":254,"pdt_name":"Adjustable Dumbbell Set","pdt_mrp":5200.00,"pdt_dis_price":4599.00,"pdt_qty":25,"ct_id":4},
  {"pdt_id":255,"pdt_name":"Pro Tennis Racket Plus","pdt_mrp":4200.00,"pdt_dis_price":3799.00,"pdt_qty":15,"ct_id":4},
  {"pdt_id":256,"pdt_name":"Basketball Match Grade","pdt_mrp":2000.00,"pdt_dis_price":1699.00,"pdt_qty":40,"ct_id":4},
  {"pdt_id":257,"pdt_name":"Running Shoes Lightweight","pdt_mrp":4500.00,"pdt_dis_price":3999.00,"pdt_qty":25,"ct_id":4},
  {"pdt_id":258,"pdt_name":"Resistance Training Bands","pdt_mrp":800.00,"pdt_dis_price":699.00,"pdt_qty":60,"ct_id":4},
  {"pdt_id":259,"pdt_name":"Cycling Helmet VentPro","pdt_mrp":2800.00,"pdt_dis_price":2499.00,"pdt_qty":30,"ct_id":4},
  {"pdt_id":260,"pdt_name":"Portable Gym Skipping Rope","pdt_mrp":300.00,"pdt_dis_price":249.00,"pdt_qty":90,"ct_id":4},

  {"pdt_id":261,"pdt_name":"Modern Office Chair","pdt_mrp":8000.00,"pdt_dis_price":6999.00,"pdt_qty":20,"ct_id":5},
  {"pdt_id":262,"pdt_name":"Solid Wood Study Table","pdt_mrp":7200.00,"pdt_dis_price":6499.00,"pdt_qty":15,"ct_id":5},
  {"pdt_id":263,"pdt_name":"Comfort Sofa Two Seater","pdt_mrp":36000.00,"pdt_dis_price":32999.00,"pdt_qty":8,"ct_id":5},
  {"pdt_id":264,"pdt_name":"Extendable Dining Table","pdt_mrp":38000.00,"pdt_dis_price":34999.00,"pdt_qty":6,"ct_id":5},
  {"pdt_id":265,"pdt_name":"King Size Bed Frame","pdt_mrp":52000.00,"pdt_dis_price":47999.00,"pdt_qty":5,"ct_id":5},
  {"pdt_id":266,"pdt_name":"Bookshelf Storage Unit","pdt_mrp":12000.00,"pdt_dis_price":10999.00,"pdt_qty":12,"ct_id":5},
  {"pdt_id":267,"pdt_name":"Wooden Wardrobe Classic","pdt_mrp":31000.00,"pdt_dis_price":28999.00,"pdt_qty":7,"ct_id":5},
  {"pdt_id":268,"pdt_name":"Glass Coffee Table","pdt_mrp":9000.00,"pdt_dis_price":7999.00,"pdt_qty":10,"ct_id":5},
  {"pdt_id":269,"pdt_name":"TV Entertainment Unit","pdt_mrp":9500.00,"pdt_dis_price":8999.00,"pdt_qty":10,"ct_id":5},
  {"pdt_id":270,"pdt_name":"Steel Shoe Rack Organizer","pdt_mrp":3000.00,"pdt_dis_price":2699.00,"pdt_qty":20,"ct_id":5},

  {"pdt_id":271,"pdt_name":"Heavy Duty Boots Leather","pdt_mrp":4200.00,"pdt_dis_price":3799.00,"pdt_qty":30,"ct_id":6},
  {"pdt_id":272,"pdt_name":"Casual Loafers Slip On","pdt_mrp":3200.00,"pdt_dis_price":2799.00,"pdt_qty":40,"ct_id":6},
  {"pdt_id":273,"pdt_name":"Formal Leather Oxford Shoe","pdt_mrp":5200.00,"pdt_dis_price":4699.00,"pdt_qty":25,"ct_id":6},
  {"pdt_id":274,"pdt_name":"Casual Canvas Shoe Pair","pdt_mrp":1700.00,"pdt_dis_price":1499.00,"pdt_qty":60,"ct_id":6},
  {"pdt_id":275,"pdt_name":"Checked Casual Shirt","pdt_mrp":1400.00,"pdt_dis_price":1199.00,"pdt_qty":50,"ct_id":6},
  {"pdt_id":276,"pdt_name":"Plain Cotton Shirt Regular","pdt_mrp":1100.00,"pdt_dis_price":999.00,"pdt_qty":80,"ct_id":6},
  {"pdt_id":277,"pdt_name":"Striped Casual Shirt Modern","pdt_mrp":1300.00,"pdt_dis_price":1099.00,"pdt_qty":60,"ct_id":6},
  {"pdt_id":278,"pdt_name":"Button Down Dress Shirt","pdt_mrp":1600.00,"pdt_dis_price":1399.00,"pdt_qty":45,"ct_id":6},
  {"pdt_id":279,"pdt_name":"Polo T-Shirt Performance","pdt_mrp":900.00,"pdt_dis_price":799.00,"pdt_qty":100,"ct_id":6},
  {"pdt_id":280,"pdt_name":"Fashion Slip On Loafers","pdt_mrp":3000.00,"pdt_dis_price":2699.00,"pdt_qty":35,"ct_id":6},

  {"pdt_id":281,"pdt_name":"Classic Novel Box Set","pdt_mrp":1200.00,"pdt_dis_price":999.00,"pdt_qty":40,"ct_id":7},
  {"pdt_id":282,"pdt_name":"Modern Self Help Collection","pdt_mrp":900.00,"pdt_dis_price":799.00,"pdt_qty":70,"ct_id":7},
  {"pdt_id":283,"pdt_name":"Historical Fiction Hardcover","pdt_mrp":1100.00,"pdt_dis_price":949.00,"pdt_qty":30,"ct_id":7},
  {"pdt_id":284,"pdt_name":"Pocket Travel Guidebook","pdt_mrp":700.00,"pdt_dis_price":599.00,"pdt_qty":80,"ct_id":7},
  {"pdt_id":285,"pdt_name":"Cookbook Gourmet Recipes","pdt_mrp":1500.00,"pdt_dis_price":1299.00,"pdt_qty":25,"ct_id":7},
  {"pdt_id":286,"pdt_name":"Children Storybook Set","pdt_mrp":650.00,"pdt_dis_price":549.00,"pdt_qty":90,"ct_id":7},
  {"pdt_id":287,"pdt_name":"Business Leadership Guide","pdt_mrp":1250.00,"pdt_dis_price":1099.00,"pdt_qty":35,"ct_id":7},
  {"pdt_id":288,"pdt_name":"Poetry Collection Deluxe","pdt_mrp":800.00,"pdt_dis_price":699.00,"pdt_qty":50,"ct_id":7},
  {"pdt_id":289,"pdt_name":"Thriller Mystery Hardcover","pdt_mrp":950.00,"pdt_dis_price":849.00,"pdt_qty":60,"ct_id":7},
  {"pdt_id":290,"pdt_name":"Educational Textbook Series","pdt_mrp":2200.00,"pdt_dis_price":1999.00,"pdt_qty":20,"ct_id":7},

  {"pdt_id":291,"pdt_name":"BluRay Movie Collector Set","pdt_mrp":2400.00,"pdt_dis_price":1999.00,"pdt_qty":25,"ct_id":8},
  {"pdt_id":292,"pdt_name":"Vinyl Record Premium Player","pdt_mrp":14000.00,"pdt_dis_price":12999.00,"pdt_qty":10,"ct_id":8},
  {"pdt_id":293,"pdt_name":"Wireless Podcast Microphone Pro","pdt_mrp":8500.00,"pdt_dis_price":7499.00,"pdt_qty":15,"ct_id":8},
  {"pdt_id":294,"pdt_name":"Studio Headphones OverEar","pdt_mrp":11500.00,"pdt_dis_price":9999.00,"pdt_qty":12,"ct_id":8},
  {"pdt_id":295,"pdt_name":"Collector Vinyl Record Set","pdt_mrp":1700.00,"pdt_dis_price":1499.00,"pdt_qty":40,"ct_id":8},
  {"pdt_id":296,"pdt_name":"Movie DVD Special Edition","pdt_mrp":2200.00,"pdt_dis_price":1799.00,"pdt_qty":30,"ct_id":8},
  {"pdt_id":297,"pdt_name":"Portable Music System","pdt_mrp":3200.00,"pdt_dis_price":2799.00,"pdt_qty":25,"ct_id":8},
  {"pdt_id":298,"pdt_name":"Audio Mixer Pro Console","pdt_mrp":18000.00,"pdt_dis_price":15999.00,"pdt_qty":8,"ct_id":8},
  {"pdt_id":299,"pdt_name":"Recording Studio Lights Kit","pdt_mrp":12500.00,"pdt_dis_price":10999.00,"pdt_qty":10,"ct_id":8},
  {"pdt_id":300,"pdt_name":"Podcasting Starter Bundle","pdt_mrp":7500.00,"pdt_dis_price":6499.00,"pdt_qty":18,"ct_id":8},

  {"pdt_id":301,"pdt_name":"Flagship Smartphone Ultra","pdt_mrp":88000.00,"pdt_dis_price":81999.00,"pdt_qty":10,"ct_id":9},
  {"pdt_id":302,"pdt_name":"Midrange Smartphone Pro","pdt_mrp":35000.00,"pdt_dis_price":31999.00,"pdt_qty":18,"ct_id":9},
  {"pdt_id":303,"pdt_name":"Budget Smartphone Value","pdt_mrp":16000.00,"pdt_dis_price":13999.00,"pdt_qty":30,"ct_id":9},
  {"pdt_id":304,"pdt_name":"Smartphone Camera Lens Kit","pdt_mrp":3500.00,"pdt_dis_price":2999.00,"pdt_qty":45,"ct_id":9},
  {"pdt_id":305,"pdt_name":"Fast Charging Wall Adapter","pdt_mrp":900.00,"pdt_dis_price":799.00,"pdt_qty":70,"ct_id":9},
  {"pdt_id":306,"pdt_name":"Wireless Earbuds Pro","pdt_mrp":7500.00,"pdt_dis_price":6499.00,"pdt_qty":40,"ct_id":9},
  {"pdt_id":307,"pdt_name":"Clear Screen Protector Pack","pdt_mrp":400.00,"pdt_dis_price":350.00,"pdt_qty":150,"ct_id":9},
  {"pdt_id":308,"pdt_name":"Mobile Power Bank 20000","pdt_mrp":2200.00,"pdt_dis_price":1999.00,"pdt_qty":60,"ct_id":9},
  {"pdt_id":309,"pdt_name":"Phone Protective Back Case","pdt_mrp":600.00,"pdt_dis_price":499.00,"pdt_qty":120,"ct_id":9},
  {"pdt_id":310,"pdt_name":"Smartphone Gimbal Stabilizer","pdt_mrp":8500.00,"pdt_dis_price":7499.00,"pdt_qty":15,"ct_id":9},

  {"pdt_id":311,"pdt_name":"Smart Speaker Home Hub","pdt_mrp":6000.00,"pdt_dis_price":5499.00,"pdt_qty":35,"ct_id":10},
  {"pdt_id":312,"pdt_name":"Smart Light Strip Set","pdt_mrp":1800.00,"pdt_dis_price":1499.00,"pdt_qty":60,"ct_id":10},
  {"pdt_id":313,"pdt_name":"Smart Doorbell Camera","pdt_mrp":9500.00,"pdt_dis_price":8499.00,"pdt_qty":20,"ct_id":10},
  {"pdt_id":314,"pdt_name":"Smart Thermostat Controller","pdt_mrp":22000.00,"pdt_dis_price":19999.00,"pdt_qty":8,"ct_id":10},
  {"pdt_id":315,"pdt_name":"WiFi Smart Plug Twin Pack","pdt_mrp":1600.00,"pdt_dis_price":1399.00,"pdt_qty":80,"ct_id":10},
  {"pdt_id":316,"pdt_name":"Robot Vacuum Cleaner Pro","pdt_mrp":32000.00,"pdt_dis_price":29999.00,"pdt_qty":6,"ct_id":10},
  {"pdt_id":317,"pdt_name":"Smart Water Purifier","pdt_mrp":26000.00,"pdt_dis_price":23999.00,"pdt_qty":10,"ct_id":10},
  {"pdt_id":318,"pdt_name":"Smart Smoke Detector","pdt_mrp":9000.00,"pdt_dis_price":7999.00,"pdt_qty":20,"ct_id":10},
  {"pdt_id":319,"pdt_name":"Smart Garden Sensor Kit","pdt_mrp":4500.00,"pdt_dis_price":3999.00,"pdt_qty":25,"ct_id":10},
  {"pdt_id":320,"pdt_name":"Smart Home Camera Dome","pdt_mrp":8000.00,"pdt_dis_price":6999.00,"pdt_qty":30,"ct_id":10}
]
